id,x,y
0,77.39560485559633,43.88784397520523
1,85.85979199113825,69.73680290593639
2,9.417734788764953,97.5622351636756
3,76.1139701990353,78.60643052769538
4,12.811363267554587,45.038593789556714
5,37.07980242325812,92.67649888486018
6,64.38651200806646,82.276161327083
7,44.34141988273311,22.723872178477688
8,55.45847870158348,6.381725610417533
9,82.7631171992582,63.166439912206485
10,75.80877400853738,35.45259681298683
11,97.06980243949033,89.31211213221977
